{
	"credit": "Made with Blockbench",
	"ambientocclusion": false,
	"textures": {
		"1": "blocks/ok",
		"particle": "#cross"
	},
	"elements": [
		{
			"name": "ok",
			"from": [0.8, 16, 8],
			"to": [15.2, 32, 8],
			"shade": false,
			"rotation": {"angle": 45, "axis": "y", "origin": [8, 8, 8], "rescale": true},
			"faces": {
				"north": {"uv": [0, 0, 16, 16], "texture": "#1"},
				"south": {"uv": [0, 0, 16, 16], "texture": "#1"}
			}
		},
		{
			"name": "ok",
			"from": [8, 16, 0.8],
			"to": [8, 32, 15.2],
			"shade": false,
			"rotation": {"angle": 45, "axis": "y", "origin": [8, 8, 8], "rescale": true},
			"faces": {
				"east": {"uv": [0, 0, 16, 16], "texture": "#1"},
				"west": {"uv": [0, 0, 16, 16], "texture": "#1"}
			}
		}
	],
	"display": {}
}