{
	"credit": "Made with Blockbench",
        "parent": "block/block",
	"textures": {
		"0": "blocks/dispenser_side",
		"1": "blocks/dispenser_arrow",
		"2": "blocks/dispenser_bottom",
		"3": "blocks/dispenser_front_horizontal",
		"particle": "dispenser_side"
	},
	"elements": [
		{
			"from": [0, 0, 0],
			"to": [16, 16, 16],
			"faces": {
				"north": {"uv": [0, 0, 16, 16], "texture": "#3"},
				"east": {"uv": [16, 0, 0, 16], "texture": "#0"},
				"south": {"uv": [0, 0, 16, 16], "texture": "#2"},
				"west": {"uv": [0, 0, 16, 16], "texture": "#0"},
				"up": {"uv": [0, 0, 16, 16], "rotation": 90, "texture": "#1"},
				"down": {"uv": [0, 0, 16, 16], "rotation": 270, "texture": "#1"}
			}
		}
	]
}