{
	"credit": "Made with Blockbench",
	"ambientocclusion": false,
	"textures": {
		"3": "blocks/hopper_arrow2",
		"4": "blocks/hopper_item",
		"top": "blocks/hopper_top",
		"particle": "blocks/hopper_outside",
		"side": "blocks/hopper_outside",
		"inside": "blocks/hopper_inside"
	},
	"elements": [
		{
			"from": [0, 10, 0],
			"to": [16, 11, 16],
			"faces": {
				"north": {"uv": [0, 5, 16, 6], "texture": "#side"},
				"east": {"uv": [0, 5, 16, 6], "texture": "#side"},
				"south": {"uv": [0, 5, 16, 6], "texture": "#side"},
				"west": {"uv": [0, 5, 16, 6], "texture": "#side"},
				"up": {"uv": [0, 0, 16, 16], "texture": "#inside"},
				"down": {"uv": [2, 2, 14, 14], "texture": "#side"}
			}
		},
		{
			"from": [0, 11, 0],
			"to": [2, 16, 16],
			"faces": {
				"north": {"uv": [14, 0, 16, 5], "texture": "#side"},
				"east": {"uv": [0, 0, 16, 5], "texture": "#side"},
				"south": {"uv": [0, 0, 2, 5], "texture": "#side"},
				"west": {"uv": [0, 8, 16, 13], "texture": "#3"},
				"up": {"uv": [0, 0, 2, 16], "texture": "#top"},
				"down": {"uv": [0, 0, 2, 16], "texture": "#side"}
			}
		},
		{
			"from": [14, 11, 0],
			"to": [16, 16, 16],
			"faces": {
				"north": {"uv": [0, 0, 2, 5], "texture": "#side"},
				"east": {"uv": [0, 8, 16, 13], "texture": "#3"},
				"south": {"uv": [14, 0, 16, 5], "texture": "#side"},
				"west": {"uv": [0, 0, 16, 5], "texture": "#side"},
				"up": {"uv": [14, 0, 16, 16], "texture": "#top"},
				"down": {"uv": [14, 0, 16, 16], "texture": "#side"}
			}
		},
		{
			"from": [2, 11, 0],
			"to": [14, 16, 2],
			"faces": {
				"north": {"uv": [2, 8, 14, 13], "texture": "#3"},
				"east": {"uv": [14, 0, 16, 5], "texture": "#side"},
				"south": {"uv": [2, 0, 14, 5], "texture": "#side"},
				"west": {"uv": [0, 0, 2, 5], "texture": "#side"},
				"up": {"uv": [2, 0, 14, 2], "texture": "#top"},
				"down": {"uv": [2, 14, 14, 16], "texture": "#side"}
			}
		},
		{
			"from": [2, 11, 14],
			"to": [14, 16, 16],
			"faces": {
				"north": {"uv": [2, 0, 14, 5], "texture": "#side"},
				"east": {"uv": [0, 0, 2, 5], "texture": "#side"},
				"south": {"uv": [2, 8, 14, 13], "texture": "#3"},
				"west": {"uv": [14, 0, 16, 5], "texture": "#side"},
				"up": {"uv": [2, 14, 14, 16], "texture": "#top"},
				"down": {"uv": [2, 0, 14, 2], "texture": "#side"}
			}
		},
		{
			"from": [4, 4, 4],
			"to": [12, 10, 12],
			"faces": {
				"north": {"uv": [4, 6, 12, 12], "texture": "#side"},
				"east": {"uv": [4, 6, 12, 12], "texture": "#side"},
				"south": {"uv": [4, 6, 12, 12], "texture": "#side"},
				"west": {"uv": [4, 6, 12, 12], "texture": "#side"},
				"up": {"uv": [4, 4, 12, 12], "texture": "#side"},
				"down": {"uv": [4, 4, 12, 12], "texture": "#side"}
			}
		},
		{
			"from": [6, 0, 6],
			"to": [10, 4, 10],
			"faces": {
				"north": {"uv": [6, 12, 10, 16], "texture": "#side"},
				"east": {"uv": [6, 12, 10, 16], "texture": "#side"},
				"south": {"uv": [6, 12, 10, 16], "texture": "#side"},
				"west": {"uv": [6, 12, 10, 16], "texture": "#side"},
				"up": {"uv": [6, 6, 10, 10], "texture": "#side"},
				"down": {"uv": [6, 6, 10, 10], "texture": "#side"}
			}
		},
		{
			"from": [8, 11, 0],
			"to": [16, 11, 16],
			"faces": {
				"north": {"uv": [0, 5, 16, 6], "texture": "#4"},
				"east": {"uv": [0, 5, 16, 6], "texture": "#4"},
				"south": {"uv": [0, 5, 16, 6], "texture": "#4"},
				"west": {"uv": [0, 5, 16, 6], "texture": "#4"},
				"up": {"uv": [8, 0, 16, 16], "texture": "#4"},
				"down": {"uv": [0, 16, 16, 0], "texture": "#4"}
			}
		},
		{
			"from": [0, 11, 8],
			"to": [16, 11, 16],
			"faces": {
				"north": {"uv": [0, 5, 16, 6], "texture": "#4"},
				"east": {"uv": [0, 5, 16, 6], "texture": "#4"},
				"south": {"uv": [0, 5, 16, 6], "texture": "#4"},
				"west": {"uv": [0, 5, 16, 6], "texture": "#4"},
				"up": {"uv": [8, 0, 16, 16], "rotation": 90, "texture": "#4"},
				"down": {"uv": [0, 16, 16, 0], "rotation": 270, "texture": "#4"}
			}
		},
		{
			"from": [0, 11, 0],
			"to": [16, 11, 8],
			"faces": {
				"north": {"uv": [0, 5, 16, 6], "texture": "#4"},
				"east": {"uv": [0, 5, 16, 6], "texture": "#4"},
				"south": {"uv": [0, 5, 16, 6], "texture": "#4"},
				"west": {"uv": [0, 5, 16, 6], "texture": "#4"},
				"up": {"uv": [8, 0, 16, 16], "rotation": 270, "texture": "#4"},
				"down": {"uv": [0, 16, 16, 0], "rotation": 90, "texture": "#4"}
			}
		},
		{
			"from": [0, 11, 0],
			"to": [8, 11, 16],
			"faces": {
				"north": {"uv": [0, 5, 16, 6], "texture": "#4"},
				"east": {"uv": [0, 5, 16, 6], "texture": "#4"},
				"south": {"uv": [0, 5, 16, 6], "texture": "#4"},
				"west": {"uv": [0, 5, 16, 6], "texture": "#4"},
				"up": {"uv": [8, 0, 16, 16], "rotation": 180, "texture": "#4"},
				"down": {"uv": [0, 16, 16, 0], "rotation": 180, "texture": "#4"}
			}
		}
	],
	"groups": [
		0,
		1,
		2,
		3,
		4,
		5,
		6,
		{
			"name": "item",
			"origin": [0, 0, 0],
			"color": 0,
			"children": [7, 8, 9, 10]
		}
	]
}