{
	"credit": "Made with Blockbench",
	"ambientocclusion": false,
	"textures": {
		"particle": "blocks/redstone_lever",
		"base": "blocks/redstone_lever",
		"lever": "blocks/lever"
	},
	"elements": [
		{
			"from": [5, 0, 4],
			"to": [11, 3, 12],
			"faces": {
				"north": {"uv": [6, 8, 12, 11], "texture": "#base"},
				"east": {"uv": [8, 11, 16, 14], "texture": "#base"},
				"south": {"uv": [6, 8, 12, 11], "texture": "#base"},
				"west": {"uv": [8, 11, 16, 14], "texture": "#base"},
				"up": {"uv": [6, 0, 12, 8], "texture": "#base"},
				"down": {"uv": [6, 0, 12, 8], "texture": "#base"}
			}
		},
		{
			"from": [7, 1, 7],
			"to": [9, 11, 9],
			"rotation": {"angle": 45, "axis": "x", "origin": [8, 1, 8]},
			"faces": {
				"north": {"uv": [7, 6, 9, 16], "texture": "#lever"},
				"east": {"uv": [7, 6, 9, 16], "texture": "#lever"},
				"south": {"uv": [7, 6, 9, 16], "texture": "#lever"},
				"west": {"uv": [7, 6, 9, 16], "texture": "#lever"},
				"up": {"uv": [7, 6, 9, 8], "texture": "#lever"},
				"down": {"uv": [7, 6, 9, 8], "texture": "#lever"}
			}
		}
	]
}