{
	"credit": "Made with Blockbench",
	"textures": {
		"2": "blocks/number",
		"3": "blocks/number_w"
	},
	"elements": [
		{
			"from": [4, 0.51, 4],
			"to": [12, 0.51, 12],
			"faces": {
				"north": {"uv": [0, 0, 8, 0], "texture": "#3"},
				"east": {"uv": [0, 0, 8, 0], "texture": "#3"},
				"south": {"uv": [0, 0, 8, 0], "texture": "#3"},
				"west": {"uv": [0, 0, 8, 0], "texture": "#3"},
				"up": {"uv": [8, 0, 16, 8], "texture": "#3"},
				"down": {"uv": [0, 0, 0, 0], "texture": "#3"}
			}
		},
		{
			"from": [4, 0.5, 5],
			"to": [12, 0.5, 13],
			"faces": {
				"north": {"uv": [0, 0, 8, 0], "texture": "#2"},
				"east": {"uv": [0, 0, 8, 0], "texture": "#2"},
				"south": {"uv": [0, 0, 8, 0], "texture": "#2"},
				"west": {"uv": [0, 0, 8, 0], "texture": "#2"},
				"up": {"uv": [8, 0, 16, 8], "texture": "#2"},
				"down": {"uv": [0, 0, 0, 0], "texture": "#2"}
			}
		}
	],
	"display": {},
	"groups": [
		{
			"name": "normal",
			"origin": [0, 0, 0],
			"color": 0,
			"children": [0, 1]
		}
	]
}