{
	"credit": "Made with Blockbench",
	"ambientocclusion": false,
	"textures": {
		"particle": "#torch",
		"torch": "#torch"
	},
	"elements": [
		{
			"from": [-2, 3.5, 6],
			"to": [2, 15.5, 10],
			"shade": false,
			"rotation": {"angle": -22.5, "axis": "z", "origin": [0, 3.5, 8]},
			"faces": {
				"up": {"uv": [7, 5, 9, 7], "texture": "#torch"},
				"down": {"uv": [7, 13, 9, 15], "texture": "#torch"}
			}
		},
		{
			"from": [-2, 3.5, 0],
			"to": [2, 19.5, 16],
			"shade": false,
			"rotation": {"angle": -22.5, "axis": "z", "origin": [0, 3.5, 8]},
			"faces": {
				"east": {"uv": [0, 0, 16, 16], "texture": "#torch"},
				"west": {"uv": [0, 0, 16, 16], "texture": "#torch"}
			}
		},
		{
			"from": [-8, 3.5, 6],
			"to": [8, 19.5, 10],
			"shade": false,
			"rotation": {"angle": -22.5, "axis": "z", "origin": [0, 3.5, 8]},
			"faces": {
				"north": {"uv": [0, 0, 16, 16], "texture": "#torch"},
				"south": {"uv": [0, 0, 16, 16], "texture": "#torch"}
			}
		}
	]
}