{
    "multipart": [
        {   "when": { "age": 0 }, 
            "apply": { "model": "beetroots_stage0" } 
        },
        {   "when": { "age": 1 }, 
            "apply": { "model": "beetroots_stage1" } 
        },
        {   "when": { "age": 2 }, 
            "apply": { "model": "beetroots_stage2" } 
        },
        {   "when": { "age": 3 }, 
            "apply": { "model": "beetroots_stage3" } 
        },
        {   "when": { "age": 3 }, 
            "apply": { "model": "age_ok" } 
        },
        {   "apply": { "model": "beetroot_item", "uvlock": true } 
        }
    ]
}
