{
    "multipart": [
        {   "when": { "age": 0 }, 
            "apply": { "model": "carrots_stage0" } 
        },
        {   "when": { "age": 1 }, 
            "apply": { "model": "carrots_stage0" } 
        },
        {   "when": { "age": 2 }, 
            "apply": { "model": "carrots_stage1" } 
        },
        {   "when": { "age": 3 }, 
            "apply": { "model": "carrots_stage1" } 
        },
        {   "when": { "age": 4 }, 
            "apply": { "model": "carrots_stage2" } 
        },
        {   "when": { "age": 5 }, 
            "apply": { "model": "carrots_stage2" } 
        },
        {   "when": { "age": 6 }, 
            "apply": { "model": "carrots_stage2" } 
        },
        {   "when": { "age": 7 }, 
            "apply": { "model": "carrots_stage3" } 
        },
        {   "when": { "age": 7 }, 
            "apply": { "model": "age_ok" } 
        },
        {   "apply": { "model": "carrot_item", "uvlock": true } 
        }
    ]
}
