{
    "variants": {
        "facing=down,enabled=false": { "model": "hopper_down_disabled" },
        "facing=north,enabled=false": { "model": "hopper_side_disabled" },
        "facing=south,enabled=false": { "model": "hopper_side_disabled", "y": 180 },
        "facing=west,enabled=false": { "model": "hopper_side_disabled", "y": 270 },
        "facing=east,enabled=false": { "model": "hopper_side_disabled", "y": 90 },
        "facing=down,enabled=true": { "model": "hopper_down" },
        "facing=north,enabled=true": { "model": "hopper_side" },
        "facing=south,enabled=true": { "model": "hopper_side", "y": 180 },
        "facing=west,enabled=true": { "model": "hopper_side", "y": 270 },
        "facing=east,enabled=true": { "model": "hopper_side", "y": 90 }
    }
}
