{
    "multipart": [
        {   "when": { "facing": "north" }, 
            "apply": { "model": "lit_furnace" }
        },
        {   "when": { "facing": "south" }, 
            "apply": { "model": "lit_furnace", "y": 180 }
        },
        {   "when": { "facing": "west" }, 
            "apply": { "model": "lit_furnace", "y": 270 }
        },
        {   "when": { "facing": "east" }, 
            "apply": { "model": "lit_furnace", "y": 90 }
        },
        {   "apply": { "model": "fire_block", "uvlock": true } 
        }
    ]
}
