{
    "multipart": [
        {   "when": { "age": 0 , "facing":"up" }, 
            "apply": { "model": "melon_stem_growth0" } 
        },
        {   "when": { "age": 1 , "facing":"up" }, 
            "apply": { "model": "melon_stem_growth0" } 
        },
        {   "when": { "age": 2 , "facing":"up" }, 
            "apply": { "model": "melon_stem_growth1" } 
        },
        {   "when": { "age": 3 , "facing":"up" }, 
            "apply": { "model": "melon_stem_growth1" } 
        },
        {   "when": { "age": 4 , "facing":"up" }, 
            "apply": { "model": "melon_stem_growth2" } 
        },
        {   "when": { "age": 5 , "facing":"up" }, 
            "apply": { "model": "melon_stem_growth2" } 
        },
        {   "when": { "age": 6 , "facing":"up" }, 
            "apply": { "model": "melon_stem_growth2" } 
        },
        {   "when": { "age": 7 , "facing":"up" }, 
            "apply": { "model": "melon_stem_growth3" } 
        },
        {   "when": { "facing": "west" }, 
            "apply": { "model": "melon_stem_fruit" } 
        },
        {   "when": { "facing": "east" }, 
            "apply": { "model": "melon_stem_fruit", "y": 180 } 
        },
        {   "when": { "facing": "north" }, 
            "apply": { "model": "melon_stem_fruit", "y": 90 } 
        },
        {   "when": { "facing": "south" }, 
            "apply": { "model": "melon_stem_fruit", "y": 270 } 
        },
        {   "apply": { "model": "melon_item", "uvlock": true } 
        }
    ]
}
