{
    "multipart": [
        {   "when": { "OR": [
                {"north": "none", "east": "none", "south": "none", "west": "none"},
                {"north": "side|up", "east": "side|up" },
                {"east": "side|up", "south": "side|up" },
                {"south": "side|up", "west": "side|up"},
                {"west": "side|up", "north": "side|up"}
            ]},
            "apply": { "model": "redstone_dot" }
        },
        {   "when": { "OR": [
                { "north": "side|up" },
                { "north": "none", "east": "none", "south": "side|up", "west": "none" }
            ]},
            "apply": { "model": "redstone_side0" }
        },
        {   "when": { "OR": [
                { "south": "side|up" },
                { "north": "side|up", "east": "none", "south": "none", "west": "none" }
            ]},
            "apply": { "model": "redstone_side_alt0" }
        },
        {   "when": { "OR": [
                { "east": "side|up" },
                { "north": "none", "east": "none", "south": "none", "west": "side|up" }
            ]},
            "apply": { "model": "redstone_side_alt1", "y": 270 }
        },
        {   "when": { "OR": [
                { "west": "side|up" },
                { "north": "none", "east": "side|up", "south": "none", "west": "none" }
            ]},
            "apply": { "model": "redstone_side1", "y": 270 }
        },
        {   "when": { "north": "up" },
            "apply": { "model": "redstone_up" }
        },
        {   "when": { "east": "up" },
            "apply": { "model": "redstone_up", "y": 90 }
        },
        {   "when": { "south": "up" },
            "apply": { "model": "redstone_up", "y": 180 }
        },
        {   "when": { "west": "up" },
            "apply": { "model": "redstone_up", "y": 270 }
        },
		{	"when": { "power": 1 },
			"apply": { "model": "rspl_1"}
		},
		{	"when": { "power": 2 },
			"apply": { "model": "rspl_2"}
		},
		{	"when": { "power": 3 },
			"apply": { "model": "rspl_3"}
		}
		{	"when": { "power": 4 },
			"apply": { "model": "rspl_4"}
		},
		{	"when": { "power": 5 },
			"apply": { "model": "rspl_5"}
		},
		{	"when": { "power": 6 },
			"apply": { "model": "rspl_6"}
		},
		{       "when": { "power": 7 },
			"apply": { "model": "rspl_7"}
		},
		{	"when": { "power": 8 },
			"apply": { "model": "rspl_8"}
		},
		{	"when": { "power": 9 },
			"apply": { "model": "rspl_9"}
		},
		{	"when": { "power": 10 },
			"apply": { "model": "rspl_10"}
		},
		{	"when": { "power": 11 },
			"apply": { "model": "rspl_11"}
		},
		{	"when": { "power": 12 },
			"apply": { "model": "rspl_12"}
		},
		{	"when": { "power": 13 },
			"apply": { "model": "rspl_13"}
		},
		{	"when": { "power": 14 },
			"apply": { "model": "rspl_14"}
		},
		{	"when": { "power": 15 },
			"apply": { "model": "rspl_15"}
		}
    ]
}
