{
    "multipart": [
        {   "when": { "age": 0 }, 
            "apply": { "model": "wheat_stage0" } 
        },
        {   "when": { "age": 1 }, 
            "apply": { "model": "wheat_stage1" } 
        },
        {   "when": { "age": 2 }, 
            "apply": { "model": "wheat_stage2" } 
        },
        {   "when": { "age": 3 }, 
            "apply": { "model": "wheat_stage3" } 
        },
        {   "when": { "age": 4 }, 
            "apply": { "model": "wheat_stage4" } 
        },
        {   "when": { "age": 5 }, 
            "apply": { "model": "wheat_stage5" } 
        },
        {   "when": { "age": 6 }, 
            "apply": { "model": "wheat_stage6" } 
        },
        {   "when": { "age": 7 }, 
            "apply": { "model": "wheat_stage7" } 
        },
        {   "when": { "age": 7 }, 
            "apply": { "model": "age_ok" } 
        },
        {   "apply": { "model": "wheat_item", "uvlock": true } 
        }
    ]
}
